<?xml version="1.0" encoding="UTF-8"?>
<configurationDescriptor version="62">
  <logicalFolder name="root" displayName="root" projectFiles="true">
    <logicalFolder name="HeaderFiles"
                   displayName="Header Files"
                   projectFiles="true">
    </logicalFolder>
    <logicalFolder name="ResourceFiles"
                   displayName="Resource Files"
                   projectFiles="true">
    </logicalFolder>
    <logicalFolder name="SourceFiles"
                   displayName="Source Files"
                   projectFiles="true">
      <logicalFolder name="v4_last_esm_2010"
                     displayName="v4_last_esm_2010"
                     projectFiles="true">
        <logicalFolder name="jm_v4_esm" displayName="jm_v4_esm" projectFiles="true">
        </logicalFolder>
        <itemPath>../v4_last_esm_2010/derivs.f</itemPath>
        <itemPath>../v4_last_esm_2010/dwig3j64.F</itemPath>
        <itemPath>../v4_last_esm_2010/h_matrix.f</itemPath>
        <itemPath>../v4_last_esm_2010/intgrl.f</itemPath>
        <itemPath>../v4_last_esm_2010/j_matrix.f</itemPath>
        <itemPath>../v4_last_esm_2010/jm.f</itemPath>
        <itemPath>../v4_last_esm_2010/jm.main.f</itemPath>
        <itemPath>../v4_last_esm_2010/lagpol8.f</itemPath>
        <itemPath>../v4_last_esm_2010/log_utils.f</itemPath>
        <itemPath>../v4_last_esm_2010/plm.f</itemPath>
        <itemPath>../v4_last_esm_2010/rs.f</itemPath>
        <itemPath>../v4_last_esm_2010/scatt.f</itemPath>
        <itemPath>../v4_last_esm_2010/self_tests.f</itemPath>
        <itemPath>../v4_last_esm_2010/setup_HL0.f</itemPath>
        <itemPath>../v4_last_esm_2010/setup_check.f</itemPath>
        <itemPath>../v4_last_esm_2010/setup_common_data.f</itemPath>
        <itemPath>../v4_last_esm_2010/setup_cross_sections.f</itemPath>
        <itemPath>../v4_last_esm_2010/setup_hy_poet.f</itemPath>
        <itemPath>../v4_last_esm_2010/setup_laguerre_orthon.f</itemPath>
        <itemPath>../v4_last_esm_2010/setup_scatt_energies.f</itemPath>
        <itemPath>../v4_last_esm_2010/setup_target_basis.f</itemPath>
        <itemPath>../v4_last_esm_2010/target.f</itemPath>
        <itemPath>../v4_last_esm_2010/tools.hm.f</itemPath>
        <itemPath>../v4_last_esm_2010/tools.jm.f</itemPath>
        <itemPath>../v4_last_esm_2010/vectors.f</itemPath>
        <itemPath>../v4_last_esm_2010/wgamma.f</itemPath>
        <itemPath>../v4_last_esm_2010/zgeco.f</itemPath>
        <itemPath>../v4_last_esm_2010/zgedi.f</itemPath>
      </logicalFolder>
    </logicalFolder>
    <logicalFolder name="ExternalFiles"
                   displayName="Important Files"
                   projectFiles="false">
      <itemPath>Makefile</itemPath>
    </logicalFolder>
  </logicalFolder>
  <sourceRootList>
    <Elem>../v4_last_esm_2010</Elem>
  </sourceRootList>
  <projectmakefile>Makefile</projectmakefile>
  <confs>
    <conf name="Debug" type="1">
      <toolsSet>
        <developmentServer>localhost</developmentServer>
        <compilerSet>Cygwin|Cygwin</compilerSet>
        <platform>3</platform>
      </toolsSet>
      <compileType>
        <linkerTool>
          <linkerLibItems>
          </linkerLibItems>
        </linkerTool>
      </compileType>
    </conf>
    <conf name="Release" type="1">
      <toolsSet>
        <developmentServer>localhost</developmentServer>
        <compilerSet>Cygwin|Cygwin</compilerSet>
        <platform>3</platform>
      </toolsSet>
      <compileType>
        <cTool>
          <developmentMode>5</developmentMode>
        </cTool>
        <ccTool>
          <developmentMode>5</developmentMode>
        </ccTool>
        <fortranCompilerTool>
          <developmentMode>5</developmentMode>
        </fortranCompilerTool>
        <linkerTool>
          <linkerLibItems>
          </linkerLibItems>
        </linkerTool>
      </compileType>
    </conf>
  </confs>
</configurationDescriptor>
